Trade Date,Index Value,High,Low,Total Market Value,Dividend Market Value
2019-09-20,1577.64,1582.87,1573.26,578900393795.0,0.0
2019-09-19,1576.38,1577.63,1566.48,578435953420.0,0.0
2019-09-18,1571.55,1573.76,1560.9,576665325386.0,0.0
2019-09-17,1563.12,1568.62,1549.63,573572150768.0,0.0
2019-09-16,1553.87,1564.41,1542.04,570177977199.0,0.0
2019-09-13,1580.27,1582.05,1571.86,579863121378.0,0.0
2019-09-12,1578.53,1580.2,1568.53,579225264812.0,0.0
2019-09-11,1572.46,1588.69,1569.37,576999986787.0,0.0
2019-09-10,1585.37,1585.37,1568.37,581734603087.0,0.0
2019-09-09,1570.06,1587.74,1565.77,576117930899.0,187299200.0
2019-09-06,1586.24,1587.56,1567.35,582242825708.0,0.0
2019-09-05,1568.06,1576.89,1560.2,575569942529.0,0.0
2019-09-04,1566.36,1578.79,1563.89,574946125135.0,0.0
2019-09-03,1566.83,1566.83,1549.96,575120675218.0,0.0
2019-09-02,1565.97,1578.5,1564.0,574803023490.0,0.0
2019-08-30,1567.34,1582.23,1564.34,575244320578.0,0.0
2019-08-29,1566.97,1573.14,1553.78,575106608252.0,0.0
2019-08-28,1563.66,1568.06,1550.38,573890782761.0,0.0
2019-08-27,1531.93,1533.08,1516.9,562248040783.0,0.0
2019-08-26,1525.98,1529.19,1499.05,560063048829.0,0.0
2019-08-23,1518.38,1538.49,1518.04,557257010708.0,0.0
2019-08-22,1521.06,1528.16,1515.83,558238077633.0,0.0
2019-08-21,1517.77,1522.28,1508.5,557033166838.0,0.0
2019-08-20,1507.21,1519.01,1504.86,553156927433.0,0.0
2019-08-19,1504.81,1506.99,1479.49,552275944165.0,0.0
2019-08-16,1479.1,1480.35,1457.5,542837784898.0,0.0
2019-08-15,1458.09,1465.43,1435.2,535130212159.0,0.0
2019-08-14,1439.73,1472.24,1438.8,528390826893.0,0.0
2019-08-13,1471.0,1481.63,1451.98,539867282525.0,0.0
2019-08-12,1462.69,1483.86,1459.54,536816139395.0,0.0
2019-08-09,1472.03,1478.51,1465.95,540246372988.0,0.0
2019-08-08,1470.73,1476.67,1451.69,539768157858.0,0.0
2019-08-07,1450.18,1455.49,1439.39,532224086653.0,0.0
2019-08-06,1441.07,1455.95,1437.25,528882251322.0,0.0
2019-08-05,1450.07,1468.01,1442.21,532185122585.0,0.0
2019-08-02,1477.91,1490.35,1471.19,542403089716.0,0.0
2019-08-01,1507.28,1510.32,1478.71,553180399192.0,0.0
2019-07-31,1485.63,1489.38,1476.89,545152152700.0,0.0
2019-07-30,1480.71,1497.75,1474.82,542973607344.0,0.0
2019-07-29,1494.77,1501.28,1482.03,548129829469.0,0.0
2019-07-26,1490.4,1490.52,1478.59,546524800755.0,0.0
2019-07-25,1480.35,1494.76,1471.29,542841320187.0,0.0
2019-07-24,1483.25,1509.34,1482.04,543906007013.0,0.0
2019-07-23,1509.21,1512.78,1501.0,553406334967.0,0.0
2019-07-22,1505.26,1510.64,1493.1,551960844053.0,0.0
2019-07-19,1499.88,1503.5,1480.06,549984783898.0,0.0
2019-07-18,1474.14,1476.79,1461.69,540549470006.0,0.0
2019-07-17,1479.0,1486.07,1476.58,542328320309.0,0.0
2019-07-16,1480.63,1485.41,1477.85,542927367328.0,0.0
2019-07-15,1482.14,1482.58,1467.02,543482084012.0,0.0
2019-07-12,1467.56,1478.01,1465.03,538134754200.0,0.0
2019-07-11,1471.69,1482.89,1469.91,539649740732.0,0.0
2019-07-10,1476.32,1485.19,1470.44,541347506402.0,0.0
2019-07-09,1473.68,1483.02,1469.34,540380212740.0,0.0
2019-07-08,1474.22,1477.89,1465.53,540576465416.0,0.0
2019-07-05,1464.85,1467.67,1453.85,537141152426.0,0.0
2019-07-04,1461.44,1464.24,1454.87,535891219492.0,0.0
2019-07-03,1458.43,1470.18,1458.43,534787388121.0,0.0
2019-07-02,1460.7,1464.07,1448.7,535617830198.0,0.0
2019-07-01,1453.15,1460.57,1440.64,532852474281.0,0.0
2019-06-28,1444.57,1463.01,1434.3,529705441200.0,0.0
2019-06-27,1436.94,1441.7,1356.53,526908384453.0,0.0
2019-06-26,1356.01,1359.66,1349.77,497231406418.0,0.0
2019-06-25,1356.14,1367.6,1356.14,497279369860.0,0.0
2019-06-24,1367.57,1387.53,1366.87,501471491096.0,0.0
2019-06-20,1376.49,1388.31,1372.8,504741186762.0,0.0
2019-06-19,1379.72,1400.84,1378.72,505923357487.0,0.0
2019-06-18,1401.43,1402.74,1375.31,513887525752.0,0.0
2019-06-17,1386.21,1414.72,1380.34,508305851198.0,0.0
2019-06-14,1411.45,1414.71,1396.47,517559604715.0,0.0
2019-06-13,1404.97,1409.37,1395.76,515183397411.0,0.0
2019-06-12,1405.08,1407.64,1394.73,515224384899.0,0.0
2019-06-11,1400.78,1400.78,1391.2,513647142007.0,0.0
2019-06-10,1396.9,1401.11,1393.62,512223320961.0,0.0
2019-06-07,1390.89,1394.7,1375.55,510021687018.0,0.0
2019-06-05,1374.65,1377.15,1363.36,504067433772.0,0.0
2019-06-04,1368.75,1372.02,1328.37,501904048163.0,0.0
2019-06-03,1340.05,1340.08,1318.19,491379737805.0,0.0
2019-05-31,1329.98,1357.82,1324.79,487610980882.0,60991782.0
2019-05-29,1364.95,1373.99,1360.84,500455572418.0,0.0
2019-05-28,1381.7,1385.48,1371.38,506595201024.0,0.0
2019-05-27,1379.06,1385.54,1372.6,505671954777.0,0.0
2019-05-24,1377.44,1382.42,1366.59,505076730603.0,0.0
2019-05-23,1365.91,1387.8,1364.66,500848733729.0,218862293.0
2019-05-22,1392.85,1408.35,1388.49,510949994854.0,464559435.0
2019-05-21,1405.05,1405.05,1392.15,515895715594.0,0.0
2019-05-20,1393.19,1414.34,1389.0,511540934198.0,0.0
2019-05-17,1413.41,1413.86,1397.29,518965365943.0,7948468.0
2019-05-16,1411.85,1411.85,1394.46,518398712604.0,0.0
2019-05-15,1399.03,1402.41,1392.84,513692990768.0,681173363.0
2019-05-14,1397.11,1397.11,1373.52,513666673220.0,475185790.0
2019-05-13,1373.71,1400.38,1373.22,505523183051.0,0.0
2019-05-10,1399.82,1406.89,1397.24,515131333441.0,16903640.0
2019-05-09,1395.84,1408.46,1390.41,513682808718.0,0.0
2019-05-08,1413.91,1417.74,1405.61,520334899287.0,7337516681.0
2019-05-07,1411.42,1437.0,1408.39,526687532993.0,0.0
2019-05-06,1429.22,1431.56,1408.94,533329533141.0,0.0
2019-05-03,1446.1,1449.82,1429.97,539627717621.0,0.0
2019-05-02,1423.91,1423.91,1412.03,531347157178.0,0.0
2019-04-30,1413.21,1424.64,1413.04,527351344139.0,0.0
2019-04-29,1415.1,1418.32,1409.17,528054138282.0,457305791.0
2019-04-26,1418.83,1420.43,1409.55,529903684436.0,97656000.0
2019-04-25,1408.64,1408.64,1380.29,526021567906.0,0.0
2019-04-24,1373.98,1386.81,1370.6,521676055196.0,0.0
2019-04-23,1386.5,1397.96,1379.28,526430992120.0,0.0
2019-04-22,1397.14,0.0,0.0,530468088140.0,0.0
2019-04-18,1397.14,1399.19,1384.51,530468088140.0,0.0
2019-04-17,1387.59,1390.01,1379.04,526841482449.0,0.0
2019-04-16,1384.12,1387.79,1376.71,525511299695.0,0.0
2019-04-15,1377.71,1381.53,1370.69,523079609852.0,0.0
2019-04-12,1381.91,1381.91,1372.54,524674564957.0,2313188143.0
2019-04-11,1375.6,1387.02,1375.6,520254080701.0,0.0
2019-04-10,1381.26,1381.42,1371.41,522394490855.0,0.0
2019-04-09,1373.66,1402.52,1373.66,519519852902.0,488299772.0
2019-04-08,1392.45,1393.19,1378.57,527121440058.0,0.0
2019-04-05,1383.97,1387.71,1379.85,523910849583.0,0.0
2019-04-04,1381.1,1388.69,1372.44,522825841540.0,0.0
2019-04-03,1374.68,1374.68,1351.88,520395136430.0,0.0
2019-04-02,1350.35,1356.64,1347.51,511183689981.0,0.0
2019-04-01,1352.32,1356.5,1340.18,511929753158.0,0.0
2019-03-29,1349.55,1378.58,1295.28,510841120519.0,0.0
2019-03-28,1293.45,1295.59,1282.87,474817373192.0,0.0
2019-03-27,1283.29,1285.42,1271.56,471087570886.0,0.0
2019-03-26,1272.17,1279.83,1269.74,467003527173.0,0.0
2019-03-25,1279.1,1279.1,1259.93,484442462426.0,0.0
2019-03-22,1271.76,1280.3,1270.34,481663276243.0,1469094984.0
2019-03-21,1280.41,1288.39,1276.23,486416175531.0,0.0
2019-03-20,1288.14,1296.96,1287.82,489354880510.0,0.0
2019-03-19,1290.53,1293.28,1278.6,490261959797.0,0.0
2019-03-18,1281.26,1282.61,1269.86,486738727277.0,0.0
2019-03-15,1269.79,1301.14,1262.26,482382654542.0,0.0
2019-03-14,1293.59,1294.52,1275.83,491425267019.0,0.0
2019-03-13,1272.38,1272.74,1262.45,483367546088.0,0.0
2019-03-12,1267.5,1279.44,1266.19,481511976314.0,0.0
2019-03-11,1272.74,1274.99,1264.9,483504973135.0,0.0
2019-03-08,1262.61,1266.56,1259.28,479653104897.0,0.0
2019-03-07,1267.83,1274.95,1263.52,481637397244.0,0.0
2019-03-06,1276.46,1284.53,1274.61,484914635643.0,0.0
2019-03-05,1285.21,1286.6,1272.06,488239856454.0,0.0
2019-03-04,1280.06,1295.07,1279.55,486285694419.0,0.0
2019-03-01,1283.75,1290.64,1278.05,487684360262.0,0.0
2019-02-28,1287.17,1290.0,1277.54,488983590114.0,0.0
2019-02-27,1285.49,1291.6,1283.04,488348299437.0,0.0
2019-02-26,1293.44,1297.69,1281.44,491366243825.0,0.0
2019-02-25,1288.05,1303.25,1283.75,489318481063.0,0.0
2019-02-22,1297.77,1303.49,1288.24,493012570763.0,0.0
2019-02-21,1290.28,1293.86,1285.82,490167736838.0,0.0
2019-02-20,1288.61,1290.49,1275.87,489530434657.0,0.0
2019-02-19,1275.4,1276.67,1270.49,484513926687.0,0.0
2019-02-18,1270.98,1272.99,1258.98,482834234348.0,0.0
2019-02-15,1269.41,1274.7,1263.91,482234506497.0,0.0
2019-02-14,1273.01,1290.76,1271.41,483399977667.0,0.0
2019-02-13,1280.14,1285.69,1277.89,486110255026.0,0.0
2019-02-12,1276.05,1280.5,1272.4,484548535095.0,0.0
2019-02-11,1275.06,1275.13,1264.69,484171050924.0,0.0
2019-02-08,1262.16,1265.62,1250.05,486642562272.0,0.0
2019-02-07,1255.05,1280.61,1255.05,483901865396.0,0.0
2019-02-06,1269.04,1279.65,1265.68,489293932032.0,0.0
2019-02-05,1274.48,1274.48,1261.4,491391945837.0,0.0
2019-02-04,1258.7,1262.63,1248.81,485306693900.0,0.0
2019-02-01,1252.47,1255.22,1237.37,482905155282.0,0.0
2019-01-31,1247.98,1251.57,1220.36,481173493051.0,0.0
2019-01-30,1240.63,1244.85,1233.16,478267628649.0,0.0
2019-01-29,1245.33,1247.2,1220.06,480078708175.0,0.0
2019-01-28,1219.24,1238.15,1217.99,470020846061.0,0.0
2019-01-25,1224.31,1236.09,1219.11,471975491818.0,0.0
2019-01-24,1224.35,1225.98,1217.28,471990077517.0,0.0
2019-01-23,1218.27,1225.71,1217.19,472464832269.0,0.0
2019-01-22,1226.44,1236.47,1223.1,475633356618.0,0.0
2019-01-21,1229.12,1244.88,1227.63,476672806895.0,0.0
2019-01-18,1245.78,1248.07,1236.82,483136219167.0,0.0
2019-01-17,1234.82,1237.18,1223.63,478884743811.0,0.0
2019-01-16,1231.11,1238.1,1219.25,477446051152.0,0.0
2019-01-15,1217.14,1225.36,1213.67,472026531099.0,0.0
2019-01-14,1222.05,1236.59,1221.84,473931674174.0,0.0
2019-01-11,1229.86,1232.72,1223.19,476962556916.0,0.0
2019-01-10,1227.58,1234.88,1214.7,476078704484.0,0.0
2019-01-09,1222.59,1224.39,1213.5,474140362197.0,0.0
2019-01-08,1217.03,1222.57,1199.38,471985283212.0,0.0
2019-01-07,1200.64,1201.78,1189.36,465629821597.0,0.0
2019-01-04,1190.95,1193.15,1167.98,461872474397.0,0.0
2019-01-03,1161.43,1181.19,1161.11,450424481185.0,0.0
2019-01-02,1168.3,1178.09,1143.94,453086870230.0,0.0
2018-12-28,1159.62,1165.45,1152.7,449720552120.0,0.0
2018-12-27,1148.93,1175.5,1142.82,445575077739.0,0.0
2018-12-21,1170.82,1178.21,1164.13,454065183036.0,0.0
2018-12-20,1180.03,1192.45,1180.03,457635652994.0,0.0
2018-12-19,1201.23,1215.84,1199.37,465847904600.0,0.0
2018-12-18,1206.73,1226.58,1205.97,467982600631.0,0.0
2018-12-17,1224.19,1286.09,1212.49,474753231131.0,261548196.0
2018-12-14,1284.78,1288.51,1265.41,498524532967.0,0.0
2018-12-13,1284.38,1302.62,1282.64,498370527407.0,0.0
2018-12-12,1301.51,1306.06,1291.36,505016959432.0,240064698.0
2018-12-11,1309.79,1320.79,1296.12,508470667246.0,0.0
2018-12-10,1289.16,1299.0,1287.71,500461298483.0,0.0
2018-12-07,1302.7,1318.38,1294.27,505718494172.0,153640760.0
2018-12-06,1289.09,1321.2,1289.09,500586215411.0,0.0
2018-12-05,1326.2,1336.17,1315.41,514997770143.0,0.0
2018-12-04,1330.01,1342.2,1330.01,516476624567.0,0.0
2018-12-03,1339.57,1364.91,1336.11,520189647728.0,0.0
2018-11-30,1350.66,1362.11,1347.78,524444717356.0,0.0
2018-11-29,1360.12,1364.23,1348.28,528116885897.0,0.0
2018-11-28,1356.38,1357.06,1343.25,526663915110.0,0.0
2018-11-27,1348.4,1350.51,1338.02,523565900646.0,0.0
2018-11-26,1338.91,1348.08,1331.04,519882337785.0,0.0
2018-11-23,1341.79,1345.33,1335.61,521000914699.0,0.0
2018-11-22,1339.4,1343.96,1329.49,520074148371.0,0.0
2018-11-21,1339.13,1339.13,1308.98,519968871602.0,0.0
2018-11-20,1308.75,1326.07,1304.93,508171432261.0,0.0
2018-11-19,1326.67,1339.07,1324.12,515130121696.0,0.0
2018-11-16,1328.18,1331.07,1313.46,515717615845.0,0.0
2018-11-15,1310.04,1324.9,1304.04,508670486465.0,0.0
2018-11-14,1316.68,1322.71,1300.01,511250038601.0,0.0
2018-11-13,1308.79,1310.39,1301.21,508188919094.0,0.0
2018-11-12,1305.01,1329.32,1304.51,506718137337.0,7084259200.0
2018-11-09,1323.55,1331.9,1323.55,521101353903.0,0.0
2018-11-08,1327.91,1341.63,1324.5,522819088054.0,0.0
2018-11-07,1330.07,1332.78,1316.84,523669295052.0,0.0
2018-11-06,1318.69,1331.97,1314.24,519190124830.0,0.0
2018-11-05,1332.3,1342.88,1330.54,524546960881.0,0.0
2018-11-02,1339.61,1341.41,1330.84,527424370987.0,0.0
2018-11-01,1328.7,1339.82,1325.31,523129200133.0,0.0
2018-10-31,1337.19,1337.66,1321.34,526471138753.0,0.0
2018-10-30,1313.02,1313.77,1295.09,516955369374.0,0.0
2018-10-29,1299.64,1305.15,1282.33,511684733931.0,175074628.0
2018-10-26,1278.92,1278.92,1265.09,503699689719.0,0.0
2018-10-25,1268.91,1272.74,1253.77,499757099602.0,0.0
2018-10-24,1252.47,1268.07,1241.65,493282958769.0,0.0
2018-10-23,1251.95,1278.73,1248.86,493078832891.0,0.0
2018-10-22,1279.42,1293.96,1278.47,503889400792.0,0.0
2018-10-19,1281.49,1287.84,1268.99,504701718187.0,0.0
2018-10-18,1280.7,1296.26,1278.03,504049043869.0,0.0
2018-10-17,1286.84,1304.26,1284.24,506466575901.0,0.0
2018-10-16,1291.17,1291.17,1267.35,508171008292.0,0.0
2018-10-15,1274.01,1274.01,1256.33,500721773116.0,0.0
2018-10-12,1264.96,1285.9,1264.96,497167473792.0,0.0
2018-10-11,1271.32,1298.46,1270.27,499665178774.0,0.0
2018-10-10,1315.71,1326.19,1313.14,517112164136.0,0.0
2018-10-09,1315.34,1321.99,1305.34,516968459399.0,0.0
2018-10-08,1313.15,1318.79,1309.19,516106004184.0,0.0
2018-10-05,1318.64,1330.51,1316.3,518261646967.0,0.0
2018-10-04,1322.08,1331.64,1317.57,519613859112.0,0.0
2018-10-03,1333.6,1335.3,1305.15,524143991373.0,0.0
2018-10-02,1306.11,1312.67,1303.28,513337239313.0,0.0
2018-10-01,1315.37,1317.15,1303.87,516978912466.0,0.0
2018-09-28,1313.91,1319.32,1300.92,516405734591.0,0.0
2018-09-27,1313.88,1322.56,1253.1,516392551408.0,0.0
2018-09-26,1253.01,1255.92,1245.49,492467236996.0,0.0
2018-09-25,1250.55,1256.32,1244.54,491501837111.0,0.0
2018-09-24,1252.72,1258.26,1242.88,492354624517.0,0.0
2018-09-21,1241.25,1243.41,1236.17,487847500017.0,0.0
2018-09-20,1232.84,1235.67,1228.33,484543031120.0,0.0
2018-09-19,1228.94,1234.4,1227.17,483009631471.0,0.0
2018-09-18,1228.51,1247.23,1221.71,482838385985.0,0.0
2018-09-17,1238.08,1246.13,1160.5,486599969850.0,0.0
2018-09-14,1161.49,1162.47,1152.22,456497537180.0,0.0
2018-09-13,1154.72,1157.57,1149.07,453838900638.0,0.0
2018-09-12,1155.5,1156.33,1144.37,454143979472.0,0.0
2018-09-11,1145.12,1152.25,1139.2,450063877101.0,0.0
2018-09-10,1150.09,1153.59,1141.81,452019590741.0,374000000.0
2018-09-07,1143.26,1153.38,1141.17,449707427752.0,0.0
2018-09-06,1152.35,1160.67,1149.67,453281439366.0,0.0
2018-09-05,1158.36,1168.96,1158.36,455645745802.0,0.0
2018-09-04,1165.87,1183.47,1161.44,458598970311.0,0.0
2018-09-03,1183.59,1188.95,1179.79,465570443068.0,0.0
2018-08-31,1180.24,1187.04,1178.01,464199187685.0,0.0
2018-08-30,1182.37,1211.53,1182.37,465038028582.0,0.0
2018-08-29,1213.2,1224.06,1212.08,477165530825.0,0.0
2018-08-28,1218.95,1228.25,1216.82,479425855709.0,0.0
2018-08-27,1223.79,1224.01,1210.56,481330621097.0,0.0
2018-08-24,1209.19,1209.36,1204.39,475588277619.0,0.0
2018-08-23,1208.61,1214.99,1205.19,475357170537.0,0.0
2018-08-22,1205.82,1206.27,1194.15,474260375119.0,0.0
2018-08-21,1196.44,1199.73,1193.16,470509833028.0,0.0
2018-08-20,1195.16,1200.23,1190.92,470006474756.0,0.0
2018-08-17,1196.7,1196.7,1184.54,470612742618.0,0.0
2018-08-16,1183.76,1183.76,1176.33,465525246983.0,0.0
2018-08-15,1184.57,1206.79,1184.44,465843542797.0,0.0
2018-08-14,1199.36,1204.63,1195.33,471657531519.0,0.0
2018-08-13,1199.26,1207.52,1196.65,471621215011.0,0.0
2018-08-10,1209.85,1228.27,1208.73,475784810377.0,0.0
2018-08-09,1228.61,1229.72,1222.6,483161609292.0,0.0
2018-08-08,1227.18,1227.79,1217.14,482523157366.0,0.0
2018-08-07,1219.17,1222.63,1216.29,479375109879.0,0.0
2018-08-06,1220.89,1229.59,1219.11,480052629684.0,0.0
2018-08-03,1226.45,1228.44,1221.69,482237185448.0,0.0
2018-08-02,1220.16,1226.86,1218.88,479760727055.0,0.0
2018-08-01,1228.83,1246.13,1226.8,483168870008.0,0.0
2018-07-31,1248.74,1255.63,1246.47,490975765390.0,0.0
2018-07-30,1256.22,1263.46,1254.66,493916215999.0,0.0
2018-07-27,1256.91,1258.19,1251.27,494187881229.0,0.0
2018-07-26,1252.79,1260.07,1251.24,492566195681.0,0.0
2018-07-25,1251.77,1261.04,1251.77,492163636527.0,0.0
2018-07-24,1265.26,1267.25,1262.36,497469098532.0,0.0
2018-07-23,1261.14,1263.93,1256.99,495851325701.0,0.0
2018-07-20,1260.32,1260.92,1242.11,495528466160.0,0.0
2018-07-19,1242.57,1248.5,1239.65,488547694493.0,0.0
2018-07-18,1240.86,1246.26,1233.92,487875588438.0,0.0
2018-07-17,1235.07,1239.38,1229.01,485597837782.0,0.0
2018-07-16,1230.72,1239.36,1226.92,483890651331.0,0.0
2018-07-13,1238.75,1251.45,1235.48,487046880856.0,0.0
2018-07-12,1250.65,1253.73,1235.93,491726606859.0,0.0
2018-07-11,1236.85,1247.86,1231.95,486300862649.0,0.0
2018-07-10,1251.38,1255.11,1239.47,492013625692.0,0.0
2018-07-09,1244.11,1248.45,1226.03,489151727590.0,0.0
2018-07-06,1226.4,1227.54,1213.45,482191438794.0,0.0
2018-07-05,1212.87,1222.75,1209.54,476869956151.0,0.0
2018-07-04,1214.01,1220.46,1211.59,477318486503.0,0.0
2018-07-03,1219.23,1227.55,1212.45,479369685736.0,0.0
2018-07-02,1214.46,1216.5,1194.48,477497790452.0,0.0
2018-06-29,1200.96,1214.7,1184.34,471281474201.0,0.0
2018-06-28,1206.99,1227.48,1177.29,473649678859.0,0.0
2018-06-27,1200.48,1218.95,1196.19,471092353111.0,0.0
2018-06-26,1212.92,1221.02,1211.63,475975412512.0,0.0
2018-06-25,1217.51,1237.7,1217.21,477774567917.0,0.0
2018-06-21,1222.43,1235.41,1220.62,479705924959.0,0.0
2018-06-20,1227.61,1232.29,1217.1,481739213882.0,0.0
2018-06-19,1225.15,1227.02,1194.14,480769296367.0,0.0
2018-06-18,1202.49,1206.41,1195.59,471877711057.0,73242000.0
2018-06-15,1209.03,1227.55,1207.15,474516291475.0,0.0
2018-06-14,1239.7,1246.48,1215.15,486552797914.0,0.0
2018-06-13,1246.84,1255.12,1240.0,489355805149.0,0.0
2018-06-12,1251.51,1253.18,1229.84,491187760838.0,0.0
2018-06-11,1226.18,1226.18,1208.91,481247287340.0,0.0
2018-06-08,1214.21,1217.42,1201.05,474676831932.0,0.0
2018-06-07,1206.23,1230.5,1204.28,471557604582.0,0.0
2018-06-05,1213.33,1218.2,1206.45,474332611349.0,0.0
2018-06-04,1211.13,1213.18,1201.18,473470151063.0,0.0
2018-06-01,1202.6,1203.98,1188.31,470135672387.0,0.0
2018-05-31,1197.79,1221.55,1190.83,468186404945.0,0.0
2018-05-30,1214.48,1216.76,1194.79,474708870890.0,119634564.0
2018-05-29,1202.01,1215.41,1193.0,469954435285.0,0.0
2018-05-28,1218.15,1235.41,1218.15,476262768878.0,0.0
2018-05-25,1231.87,1254.34,1231.87,481626181544.0,0.0
2018-05-24,1248.13,1256.48,1246.63,487985727909.0,53104237.0
2018-05-23,1254.64,0.0,0.0,490583004047.0,837339050.0
2018-05-22,1261.01,0.0,0.0,493917510439.0,346922273.0
2018-05-21,1263.05,0.0,0.0,495061886406.0,0.0
2018-05-18,1251.8,0.0,0.0,490653260604.0,0.0
2018-05-17,1258.2,0.0,0.0,493161521844.0,0.0
2018-05-16,1228.71,0.0,0.0,481601582241.0,1485358261.0
2018-05-15,1220.7,0.0,0.0,479939964728.0,0.0
2018-05-14,1226.82,0.0,0.0,482345054027.0,0.0
2018-05-11,1223.32,0.0,0.0,480967927200.0,152497613.0
2018-05-10,1245.53,0.0,0.0,489856788801.0,0.0
2018-05-09,1245.53,0.0,0.0,489856788801.0,7157292800.0
2018-05-08,1243.5,0.0,0.0,496203823732.0,464559435.0
2018-05-07,1232.58,0.0,0.0,492305545757.0,0.0
2018-05-04,1216.39,0.0,0.0,485840553734.0,0.0
2018-05-03,1223.95,0.0,0.0,488861033507.0,0.0
2018-05-02,1255.84,0.0,0.0,501595803161.0,0.0
2018-05-01,1242.01,0.0,0.0,496073961034.0,0.0
2018-04-30,1242.01,0.0,0.0,496073961034.0,0.0
2018-04-27,1236.37,0.0,0.0,493818608069.0,175074628.0
2018-04-26,1232.82,1244.95,1228.31,492575642411.0,22104760.0
2018-04-25,1228.09,1228.09,1207.44,490709444928.0,0.0
2018-04-24,1215.02,1238.88,1209.57,485484988722.0,0.0
2018-04-23,1209.66,1209.66,1189.47,483344745592.0,335751995.0
2018-04-20,1186.0,1203.4,1185.57,474219084121.0,0.0
2018-04-19,1199.45,1203.13,1187.13,479599678296.0,0.0
2018-04-18,1180.82,1182.79,1174.41,472148008783.0,0.0
2018-04-17,1174.41,1177.58,1160.95,469587499017.0,0.0
2018-04-16,1158.3,1173.44,1156.31,463145401590.0,0.0
2018-04-13,1162.25,1165.64,1156.48,464725604207.0,2212614745.0
2018-04-12,1158.58,1159.29,1129.8,465463061140.0,0.0
2018-04-11,1129.62,1130.97,1119.94,453829249717.0,462599784.0
2018-04-10,1123.36,1123.39,1112.17,451774158847.0,0.0
2018-04-09,1114.64,1132.47,1111.25,448195894332.0,0.0
2018-04-06,1117.53,1122.08,1109.03,449359883752.0,0.0
2018-04-05,1119.16,1120.2,1112.89,450016459171.0,0.0
2018-04-04,1103.82,1111.76,1100.47,443846645532.0,0.0
2018-04-03,1109.83,1114.51,1103.52,446263529746.0,0.0
2018-03-29,1118.25,1119.78,1113.55,449649747692.0,0.0
2018-03-28,1114.2,1119.83,1093.07,448019325401.0,0.0
2018-03-27,1113.84,1124.84,1102.45,443364176388.0,0.0
2018-03-26,1132.57,1155.88,1131.13,450823337738.0,0.0
2018-03-23,1150.28,1150.46,1128.64,457871277516.0,0.0
2018-03-22,1137.47,1154.07,1134.3,452773223637.0,0.0
2018-03-21,1155.4,1159.55,1153.71,459910503798.0,0.0
2018-03-20,1156.93,1158.85,1149.72,460516786476.0,0.0
2018-03-19,1158.05,1172.71,1158.05,460963130233.0,0.0
2018-03-16,1175.88,1190.97,1175.49,468061558127.0,0.0
2018-03-15,1188.06,1200.36,1180.58,472909928326.0,1469094984.0
2018-03-14,1207.68,1213.6,1205.49,482214349626.0,0.0
2018-03-13,1207.07,1223.15,1204.87,481969369592.0,0.0
2018-03-12,1217.26,1223.67,1209.78,486037323594.0,0.0
2018-03-09,1213.35,1216.25,1208.67,484474709204.0,0.0
2018-03-08,1213.64,1216.69,1207.91,484594097466.0,0.0
2018-03-07,1207.43,1207.43,1196.26,482112644563.0,0.0
2018-03-06,1203.38,1210.94,1201.46,480495005025.0,0.0
2018-03-05,1194.24,1195.03,1182.62,476846586932.0,0.0
2018-03-02,1184.27,1200.32,1183.76,472865720694.0,0.0
2018-03-01,1204.92,1218.82,1204.43,481112016755.0,0.0
2018-02-28,1221.51,1228.13,1220.18,487684011279.0,0.0
2018-02-27,1229.32,1234.83,1228.75,490799238167.0,0.0
2018-02-26,1229.25,1237.66,1227.61,490770331881.0,0.0
2018-02-23,1229.07,1232.52,1225.78,490701858450.0,0.0
2018-02-22,1231.06,1234.49,1226.83,491495734972.0,0.0
2018-02-21,1237.88,1240.7,1231.18,494215985838.0,0.0
2018-02-20,1236.77,1237.07,1230.57,493776228719.0,0.0
2018-02-19,1229.97,1238.22,1227.54,491040025920.0,0.0
2018-02-16,1231.15,1231.54,1220.49,491514310476.0,0.0
2018-02-15,1213.99,1217.81,1205.96,484662481518.0,0.0
2018-02-14,1212.19,1250.57,1196.13,483944545765.0,0.0
2018-02-13,1225.01,1233.04,1221.54,489062775665.0,0.0
2018-02-12,1222.45,1225.6,1217.56,488040124657.0,0.0
2018-02-09,1205.27,1217.53,1205.27,481181481742.0,0.0
2018-02-08,1214.35,1225.55,1214.35,484806443625.0,0.0
2018-02-07,1226.88,1226.88,1211.56,489807199056.0,0.0
2018-02-06,1200.37,1207.36,1180.24,479224728149.0,0.0
2018-02-05,1231.13,1243.91,1230.49,480737254854.0,0.0
2018-02-02,1249.61,1254.3,1240.41,487954568336.0,0.0
2018-02-01,1248.54,1251.82,1232.48,487534812257.0,0.0
2018-01-31,1238.03,1313.69,1236.75,483235618922.0,0.0
2018-01-30,1297.15,1310.97,1296.1,506311738155.0,0.0
2018-01-29,1308.28,1313.14,1306.92,510657209970.0,0.0
2018-01-26,1307.98,1314.1,1307.98,510539528928.0,0.0
2018-01-25,1309.76,1318.47,1307.94,511232776381.0,61523887.0
2018-01-24,1319.43,1324.33,1317.68,515070054573.0,0.0
2018-01-23,1315.46,1321.05,1314.98,513520965927.0,0.0
2018-01-22,1310.82,1320.51,1309.44,511711020253.0,0.0
2018-01-19,1318.26,1319.11,1311.31,514614893026.0,0.0
2018-01-18,1311.1,1321.68,1309.69,511818628295.0,0.0
2018-01-17,1313.48,1325.84,1309.03,512748326457.0,0.0
2018-01-16,1324.85,1333.76,1321.89,517186438130.0,0.0
2018-01-15,1335.63,1336.72,1329.17,521395268751.0,0.0
2018-01-12,1330.86,1330.89,1321.46,519530414444.0,0.0
2018-01-11,1323.84,1332.37,1317.54,516790567120.0,499332470.0
2018-01-10,1329.79,1329.79,1323.91,519616832694.0,0.0
2018-01-09,1327.18,1329.07,1320.1,518594526701.0,0.0
2018-01-08,1332.28,1342.37,1327.66,520589414518.0,0.0
2018-01-05,1329.33,1335.79,1322.72,519435237374.0,0.0
2018-01-04,1336.6,1344.15,1331.64,522277538722.0,0.0
2018-01-03,1342.95,1357.97,1339.11,524759020764.0,0.0
2018-01-02,1343.83,1348.34,1337.84,525103407022.0,0.0
2017-12-29,1342.82,1351.23,1342.82,524657755008.0,0.0
2017-12-28,1347.69,1352.23,1340.14,526560843730.0,0.0
2017-12-27,1345.18,1350.14,1339.3,525579735564.0,0.0
2017-12-22,1345.61,1354.92,1343.39,525747853002.0,10173653.0
2017-12-21,1346.07,1346.38,1336.17,525938584421.0,0.0
2017-12-20,1337.23,1358.0,1334.24,522485950770.0,0.0
2017-12-19,1355.14,1361.79,1342.22,529484196375.0,0.0
2017-12-18,1347.5,1354.1,1329.77,526498897390.0,0.0
2017-12-15,1359.98,1456.6,1339.7,531374101290.0,0.0
2017-12-14,1458.15,1474.87,1456.95,569731802375.0,213284722.0
2017-12-13,1473.07,0.0,0.0,575775677571.0,0.0
2017-12-12,1460.99,1462.68,1451.85,570926168808.0,0.0
2017-12-11,1458.89,1461.46,1447.04,570107673538.0,205502154.0
2017-12-08,1450.05,1454.23,1445.93,566858166055.0,0.0
2017-12-07,1443.05,1446.16,1438.14,564120971272.0,0.0
2017-12-06,1441.38,1446.43,1430.02,563466881710.0,153640760.0
2017-12-05,1442.41,1450.91,1440.01,564024075303.0,0.0
2017-12-04,1444.16,1444.77,1420.64,564709362011.0,0.0
2017-12-01,1435.25,1445.14,1425.64,561223432736.0,0.0
2017-11-30,1445.15,1450.73,1430.69,565094035179.0,0.0
2017-11-29,1430.91,1438.59,1428.93,559527230911.0,0.0
2017-11-28,1429.28,1434.95,1410.91,558888587904.0,0.0
2017-11-27,1410.83,1417.57,1404.32,551676080251.0,0.0
2017-11-24,1407.97,1410.84,1398.47,550147545824.0,0.0
2017-11-23,1404.38,1415.39,1397.8,548742944641.0,0.0
2017-11-22,1416.57,1418.21,1406.75,553507663972.0,0.0
2017-11-21,1424.36,1431.07,1412.05,556551800259.0,0.0
2017-11-20,1431.07,1436.61,1426.53,559171234809.0,45657000.0
2017-11-17,1430.45,1439.18,1419.45,558973564895.0,0.0
2017-11-16,1452.49,1456.2,1439.46,567588950272.0,0.0
2017-11-15,1440.98,1450.41,1430.92,563089728610.0,0.0
2017-11-14,1450.41,1452.05,1444.16,566777016575.0,0.0
2017-11-13,1444.16,1446.82,1432.24,563556691563.0,7084259200.0
2017-11-10,1444.74,1452.26,1435.69,570869543848.0,0.0
2017-11-09,1446.86,1462.51,1442.02,571243216827.0,0.0
2017-11-08,1462.42,1466.9,1452.22,577388865459.0,0.0
2017-11-07,1465.31,1486.65,1465.31,578530523224.0,0.0
2017-11-06,1484.17,1488.32,1481.22,585976227336.0,0.0
2017-11-03,1487.06,1487.06,1480.39,587114612326.0,0.0
2017-11-02,1477.36,1485.52,1471.2,583284634207.0,0.0
2017-11-01,1476.24,1480.43,1471.12,582844354243.0,0.0
2017-10-31,1486.39,1516.94,1485.1,586850592887.0,0.0
2017-10-30,1511.33,1514.04,1500.9,596699896271.0,0.0
2017-10-27,1507.06,1514.86,1502.42,595011927083.0,0.0
2017-10-26,1492.48,1496.14,1468.64,589255790028.0,0.0
2017-10-25,1481.24,1489.62,1476.58,584541589737.0,0.0
2017-10-24,1480.13,1489.69,1477.71,584101514589.0,0.0
2017-10-23,1489.33,1504.51,1489.33,587731762949.0,0.0
2017-10-20,1502.73,1502.73,1490.47,593022153841.0,0.0
2017-10-19,1490.09,1492.48,1478.61,588034109938.0,0.0
2017-10-18,1489.96,1499.04,1489.04,582151619926.0,0.0
2017-10-17,1491.84,1510.19,1491.84,582883757477.0,0.0
2017-10-16,1509.15,1520.09,1507.75,589649008474.0,0.0
2017-10-13,1520.46,1524.06,1517.02,594068504374.0,0.0
2017-10-12,1516.45,1518.67,1505.82,592501569977.0,0.0
2017-10-11,1507.7,1508.69,1496.95,589081615632.0,0.0
2017-10-10,1502.47,1511.39,1500.14,587037519776.0,0.0
2017-10-09,1506.31,1512.19,1498.35,588536780863.0,0.0
2017-10-06,1497.67,1499.0,1489.0,585160730936.0,0.0
2017-10-05,1504.72,1517.74,1502.08,587918453807.0,0.0
2017-10-04,1500.25,1500.25,1490.24,586171803300.0,0.0
2017-10-03,1492.17,1494.2,1477.03,583012049527.0,0.0
2017-10-02,1476.27,1477.2,1462.99,576802772185.0,0.0
2017-09-29,1471.85,1471.85,1452.16,575073250439.0,0.0
2017-09-28,1466.39,1490.66,1447.34,572939236928.0,0.0
2017-09-27,1505.52,1505.52,1487.8,588228429678.0,0.0
2017-09-26,1508.02,1514.62,1501.88,589204565837.0,0.0
2017-09-25,1517.0,1517.5,1499.35,592714634218.0,0.0
2017-09-22,1502.1,1503.19,1494.84,586892766801.0,0.0
2017-09-21,1497.0,1506.9,1494.49,584902587468.0,0.0
2017-09-20,1500.0,1500.84,1477.81,586071123213.0,0.0
2017-09-19,1482.75,1493.03,1482.75,579331414741.0,0.0
2017-09-18,1487.3,1498.14,1483.12,581110778648.0,0.0
2017-09-15,1492.74,1507.69,1488.5,583234782623.0,0.0
2017-09-14,1483.87,1483.87,1464.61,579769992713.0,0.0
2017-09-13,1468.29,1471.44,1461.13,573683072171.0,0.0
2017-09-12,1470.0,1470.89,1458.79,574344626505.0,0.0
2017-09-11,1460.29,1467.02,1453.58,570552512573.0,374000000.0
2017-09-08,1434.71,1438.72,1426.29,560926304261.0,0.0
2017-09-07,1437.97,1438.88,1422.48,562198326841.0,0.0
2017-09-06,1421.54,1422.69,1406.26,555775416073.0,0.0
2017-09-05,1422.29,1430.0,1415.14,551340021789.0,0.0
2017-09-04,1421.32,1429.51,1419.16,550964775341.0,0.0
2017-09-01,1429.51,1441.19,1424.56,554136726332.0,0.0
2017-08-31,1426.02,1433.73,1418.76,552783899831.0,0.0
2017-08-30,1429.99,1430.15,1417.36,554322794109.0,0.0
2017-08-29,1423.98,1436.42,1420.41,551995827620.0,0.0
2017-08-28,1440.4,1445.95,1436.28,558359251107.0,0.0
2017-08-25,1441.4,1449.91,1439.2,558745165574.0,0.0
2017-08-24,1447.54,1449.26,1432.82,561125893963.0,0.0
2017-08-23,1442.77,1453.62,1440.84,559278832737.0,0.0
2017-08-22,1456.58,1456.58,1443.83,564630433049.0,0.0
2017-08-21,1442.21,1447.83,1435.99,559060627965.0,0.0
2017-08-18,1451.47,1453.76,1445.81,562650504677.0,0.0
2017-08-17,1463.12,1475.28,1463.01,567166605359.0,0.0
2017-08-16,1475.28,1481.74,1472.03,571881126363.0,0.0
2017-08-15,1487.85,1504.42,1486.24,576752869161.0,0.0
2017-08-14,1501.11,1506.83,1496.03,581893560972.0,0.0
2017-08-11,1492.95,1501.96,1488.6,578727965939.0,0.0
2017-08-10,1512.23,1524.65,1508.98,586201757905.0,0.0
2017-08-09,1525.38,1526.4,1511.85,591300254475.0,0.0
2017-08-08,1527.58,1540.55,1527.58,592152119982.0,0.0
2017-08-07,1535.95,1541.44,1527.75,595400118021.0,0.0
2017-08-04,1533.21,1538.31,1516.6,594335133457.0,0.0
2017-08-03,1523.8,1543.0,1523.8,590690213175.0,0.0
2017-08-02,1531.67,1536.51,1505.54,593737842559.0,0.0
2017-08-01,1498.62,1502.42,1464.64,580926936944.0,0.0
2017-07-31,1467.25,1476.63,1465.98,568768158481.0,0.0
2017-07-28,1477.47,1483.44,1472.24,572727235540.0,0.0
2017-07-27,1486.27,1490.19,1479.18,576139160024.0,0.0
2017-07-26,1480.25,1481.57,1467.85,573805669481.0,0.0
2017-07-25,1467.89,1482.17,1465.49,569016374298.0,0.0
2017-07-24,1474.77,1505.86,1474.05,571684163778.0,0.0
2017-07-21,1501.02,1511.15,1494.82,581859369342.0,0.0
2017-07-20,1504.36,1511.89,1499.89,583154144405.0,0.0
2017-07-19,1498.58,1499.78,1484.5,580910518760.0,0.0
2017-07-18,1488.63,1497.8,1485.59,577056306423.0,0.0
2017-07-17,1490.23,1490.9,1465.13,577676699934.0,0.0
2017-07-14,1460.77,1467.47,1455.88,566255206558.0,0.0
2017-07-13,1460.96,1461.91,1447.97,566329172185.0,0.0
2017-07-12,1445.13,1445.13,1435.77,560194148473.0,0.0
2017-07-11,1436.6,1446.67,1434.57,556886550042.0,0.0
2017-07-10,1442.54,1465.98,1440.44,559187164865.0,0.0
2017-07-07,1459.05,1462.48,1451.03,565589872965.0,0.0
2017-07-06,1460.8,1469.73,1456.89,566268703420.0,0.0
2017-07-05,1464.24,1468.41,1450.98,567600193742.0,0.0
2017-07-04,1453.47,1469.7,1448.95,563426615515.0,0.0
2017-07-03,1471.43,1475.8,1462.92,570388837051.0,0.0
2017-06-30,1458.03,1479.44,1456.03,565194578676.0,0.0
2017-06-29,1455.14,1487.73,1426.45,564072215829.0,0.0
2017-06-28,1445.17,1445.33,1423.83,560207771392.0,0.0
2017-06-27,1429.3,1448.54,1429.19,553861297889.0,0.0
2017-06-26,1445.55,1456.27,1445.32,560157596337.0,0.0
2017-06-22,1445.93,1445.93,1434.32,560303879614.0,0.0
2017-06-21,1436.55,1444.1,1432.6,556668764977.0,0.0
2017-06-20,1443.76,1458.73,1443.76,559463478358.0,0.0
2017-06-19,1443.44,1447.1,1434.22,559340256594.0,0.0
2017-06-16,1435.75,1439.6,1427.2,556361592505.0,0.0
2017-06-15,1426.17,1463.23,1422.66,552646927944.0,0.0
2017-06-14,1479.83,1488.02,1477.22,573440147522.0,0.0
2017-06-13,1479.62,1484.37,1447.94,573359075099.0,0.0
2017-06-12,1448.42,1454.66,1445.0,561269069249.0,0.0
2017-06-09,1450.28,1453.82,1443.69,561928650402.0,0.0
2017-06-08,1456.37,1461.75,1445.33,564277245457.0,0.0
2017-06-07,1461.81,1472.65,1458.34,550539888901.0,0.0
2017-06-05,1487.43,1499.07,1487.06,560185918041.0,0.0
2017-06-02,1496.42,1499.31,1492.15,563575101539.0,0.0
2017-06-01,1490.51,1493.98,1475.68,561349237769.0,0.0
2017-05-31,1484.3,1498.7,1482.43,554704823978.0,0.0
2017-05-30,1498.51,1508.71,1497.64,560015034708.0,0.0
2017-05-29,1506.84,1512.51,1500.03,563125898119.0,0.0
2017-05-26,1514.36,1521.19,1512.95,565937446394.0,0.0
2017-05-24,1520.48,1520.65,1507.61,568223059243.0,581461275.0
2017-05-23,1521.75,1528.99,1518.4,569282417252.0,0.0
2017-05-22,1517.26,1523.48,1492.3,567600328132.0,0.0
2017-05-19,1495.7,1497.75,1475.88,559536634315.0,0.0
2017-05-18,1474.15,1482.83,1467.11,551474508592.0,0.0
2017-05-17,1481.06,1483.83,1474.74,554058024267.0,805441476.0
2017-05-16,1483.42,1485.86,1476.4,555750704872.0,0.0
2017-05-15,1483.37,1487.42,1476.67,555729712194.0,0.0
2017-05-12,1481.52,1481.52,1460.06,555036522235.0,0.0
2017-05-11,1458.44,1463.23,1456.88,546390918103.0,7627464694.0
2017-05-10,1456.92,1461.75,1443.65,553441823330.0,801385488.0
2017-05-09,1463.41,1463.5,1453.71,556709233199.0,0.0
2017-05-08,1457.95,1460.76,1450.75,554632677516.0,0.0
2017-05-05,1443.46,1447.96,1435.23,549120375325.0,0.0
2017-05-04,1434.55,1452.36,1431.91,545698992293.0,464559435.0
2017-05-03,1448.46,1452.51,1442.65,551461026277.0,0.0
2017-05-02,1448.93,1451.01,1439.19,551638690309.0,84061969.0
2017-04-28,1449.98,1455.73,1442.54,552125268376.0,0.0
2017-04-27,1445.67,1450.76,1438.95,550481796073.0,22104760.0
2017-04-26,1449.95,1449.95,1442.7,552136077601.0,0.0
2017-04-25,1452.79,1455.87,1449.76,553216297938.0,0.0
2017-04-24,1453.29,1454.48,1442.19,553405246265.0,0.0
2017-04-21,1436.04,1440.64,1432.13,546837425480.0,0.0
2017-04-20,1441.63,1446.55,1439.85,548966551558.0,411199808.0
2017-04-19,1447.18,1452.78,1439.89,551493247291.0,0.0
2017-04-18,1447.32,1450.54,1434.06,551545693683.0,0.0
2017-04-13,1447.78,1453.77,1444.34,551722703980.0,0.0
2017-04-12,1451.58,1454.6,1442.93,553169084948.0,0.0
2017-04-11,1442.89,1446.14,1439.15,549858218423.0,0.0
2017-04-10,1446.01,1446.01,1435.27,551047226820.0,2112041348.0
2017-04-07,1438.99,1440.83,1431.55,549662672898.0,0.0
2017-04-06,1438.61,1440.26,1432.96,549518566861.0,0.0
2017-04-05,1438.86,1455.89,1436.71,549613708283.0,0.0
2017-04-04,1456.24,1460.95,1448.11,556251631193.0,0.0
2017-04-03,1455.07,1478.22,1454.8,555706319442.0,0.0
2017-03-31,1477.92,1481.81,1446.19,564431275200.0,0.0
2017-03-30,1465.08,1528.79,1441.54,559529282904.0,40690000.0
2017-03-29,1503.15,1503.15,1491.31,574107485427.0,0.0
2017-03-28,1491.81,1491.81,1481.56,569777617298.0,0.0
2017-03-27,1490.24,1490.24,1471.61,569179343043.0,0.0
2017-03-24,1483.44,1484.83,1468.02,566578950345.0,0.0
2017-03-23,1484.72,1487.57,1453.63,567068381055.0,0.0
2017-03-22,1455.04,1463.18,1449.24,555735218824.0,0.0
2017-03-21,1466.87,1476.38,1464.51,560253088574.0,0.0
2017-03-20,1471.61,1476.89,1465.57,562062972632.0,0.0
2017-03-17,1476.33,1477.0,1464.86,563863564274.0,0.0
2017-03-16,1477.18,1496.8,1471.77,564189706829.0,1259224272.0
2017-03-15,1488.81,1509.29,1487.47,569898998035.0,0.0
2017-03-14,1536.32,1536.32,1522.27,588088089664.0,0.0
2017-03-13,1534.68,1536.46,1521.71,587458576193.0,0.0
2017-03-10,1521.39,1524.73,1517.45,582370758521.0,0.0
2017-03-09,1517.57,1520.03,1507.75,580909680311.0,0.0
2017-03-08,1513.51,1517.96,1508.37,579357076288.0,0.0
2017-03-07,1510.31,1513.29,1504.31,578132034830.0,0.0
2017-03-06,1508.13,1511.63,1495.7,577297361501.0,0.0
2017-03-03,1498.84,1503.92,1492.18,573738359282.0,0.0
2017-03-02,1503.48,1515.59,1501.32,575517908428.0,0.0
2017-03-01,1512.76,1516.82,1504.99,579066880270.0,0.0
2017-02-28,1500.47,1503.38,1493.67,574362468119.0,0.0
2017-02-27,1491.75,1508.47,1486.97,571026188626.0,0.0
2017-02-24,1500.74,1531.43,1499.46,574467046235.0,0.0
2017-02-23,1532.86,1534.12,1523.41,586762062876.0,0.0
2017-02-22,1524.89,1537.08,1523.56,583711759778.0,0.0
2017-02-21,1532.46,1533.71,1519.97,586608511373.0,0.0
2017-02-20,1521.53,1524.0,1517.1,582425255491.0,0.0
2017-02-17,1515.38,1520.72,1509.64,580070955096.0,0.0
2017-02-16,1515.68,1518.36,1506.51,580184581199.0,0.0
2017-02-15,1511.49,1526.44,1507.51,578581030552.0,0.0
2017-02-14,1525.87,1527.84,1518.78,584085455630.0,0.0
2017-02-13,1522.17,1526.21,1516.34,582672028990.0,0.0
2017-02-10,1521.88,1530.4,1520.3,582559761475.0,0.0
2017-02-09,1518.4,1518.4,1506.91,581227624731.0,0.0
2017-02-08,1505.24,1505.24,1496.27,576190740834.0,0.0
2017-02-07,1497.73,1511.41,1496.32,573315033498.0,0.0
2017-02-06,1506.49,1518.27,1504.79,576668090580.0,0.0
2017-02-03,1516.89,1531.2,1514.95,580651358076.0,0.0
2017-02-02,1521.61,1524.22,1510.15,582456366634.0,0.0
2017-02-01,1516.01,1533.09,1515.32,580313989822.0,0.0
2017-01-31,1525.37,1536.19,1514.47,583897186121.0,0.0
2017-01-30,1472.53,1474.63,1463.38,563667466516.0,0.0
2017-01-27,1465.36,1473.69,1461.6,560923681574.0,61523887.0
2017-01-26,1470.68,1479.0,1467.55,563021976062.0,0.0
2017-01-25,1488.12,1489.38,1469.57,569698837928.0,0.0
2017-01-24,1464.27,1468.57,1457.14,560568483776.0,0.0
2017-01-23,1464.91,1490.13,1463.14,560814667193.0,0.0
2017-01-20,1497.01,1506.94,1494.26,573103119587.0,0.0
2017-01-19,1505.65,1515.96,1503.03,576410158647.0,0.0
2017-01-18,1514.4,1517.36,1510.47,579758812163.0,0.0
2017-01-17,1511.34,1512.47,1494.97,578588185489.0,0.0
2017-01-16,1502.92,1512.8,1495.6,575366922705.0,0.0
2017-01-13,1528.35,1528.98,1508.62,585102398861.0,0.0
2017-01-12,1506.92,1520.4,1499.34,576897427034.0,0.0
2017-01-11,1501.67,1507.71,1495.56,574885387937.0,0.0
2017-01-10,1504.53,1520.62,1504.4,575980092286.0,0.0
2017-01-09,1514.4,1516.59,1505.26,579758687497.0,0.0
2017-01-05,1512.0,1516.71,1506.37,578843148487.0,0.0
2017-01-04,1519.88,1535.39,1511.93,581859143834.0,0.0
2017-01-03,1536.34,1543.33,1527.45,588158192684.0,0.0
2017-01-02,1546.89,1549.95,1537.81,592198970948.0,0.0
2016-12-30,1541.06,1543.59,1533.77,589965514294.0,0.0
2016-12-29,1542.15,1546.41,1541.45,590383002382.0,0.0
2016-12-28,1547.17,1549.77,1542.76,592306984584.0,0.0
2016-12-27,1545.49,1547.54,1536.41,591662583712.0,0.0
2016-12-23,1535.93,1541.31,1531.71,588000609324.0,0.0
2016-12-22,1535.1,1537.32,1523.96,587684325903.0,8478044.0
2016-12-21,1529.0,1543.09,1526.07,585344019110.0,0.0
2016-12-20,1543.77,1550.75,1538.79,590995190233.0,0.0
2016-12-19,1557.3,1559.08,1547.92,596176177965.0,0.0
2016-12-16,1552.64,1560.12,1545.61,594391331354.0,0.0
2016-12-15,1557.18,1559.39,1532.03,596130301823.0,0.0
2016-12-14,1594.78,1616.45,1592.75,610523329788.0,182815476.0
2016-12-13,1615.18,1618.08,1600.52,618520435574.0,0.0
2016-12-12,1600.2,1614.95,1596.47,612784336385.0,168138126.0
2016-12-09,1614.23,1616.66,1586.2,618326365380.0,0.0
2016-12-08,1588.06,1588.06,1573.53,608301168790.0,0.0
2016-12-07,1571.7,1572.57,1560.63,602034813639.0,96025475.0
2016-12-06,1559.0,1564.38,1555.0,597264099259.0,0.0
2016-12-05,1563.7,1569.11,1547.36,599065519186.0,0.0
2016-12-02,1547.7,1554.53,1534.88,592936794893.0,0.0
2016-12-01,1561.12,1569.38,1557.66,598076475598.0,0.0
2016-11-30,1573.21,1581.7,1570.97,601443792350.0,0.0
2016-11-29,1574.48,1585.67,1566.43,601929875043.0,0.0
2016-11-28,1572.96,1591.27,1570.69,601348209591.0,0.0
2016-11-25,1593.11,1593.11,1575.0,609050772587.0,0.0
2016-11-24,1581.95,1584.57,1569.25,604785411715.0,0.0
2016-11-23,1575.5,1596.29,1571.4,602320607439.0,0.0
2016-11-22,1577.03,1594.26,1575.95,602905126625.0,0.0
2016-11-21,1581.39,1596.53,1566.83,604565815325.0,0.0
2016-11-18,1591.1,1597.75,1578.53,608275639951.0,0.0
2016-11-17,1579.11,1580.32,1544.05,603691909383.0,0.0
2016-11-16,1546.08,1562.08,1536.79,591064413014.0,0.0
2016-11-15,1556.71,1556.71,1519.81,595128096113.0,0.0
2016-11-14,1504.88,1537.39,1501.21,575314292154.0,0.0
2016-11-11,1502.86,1522.36,1502.86,574543571184.0,0.0
2016-11-10,1501.93,1541.9,1497.14,574187474968.0,0.0
2016-11-09,1530.61,1531.77,1492.41,585152518400.0,0.0
2016-11-08,1538.2,1541.35,1523.58,588047472582.0,0.0
2016-11-07,1529.26,1533.51,1519.21,584633010412.0,0.0
2016-11-04,1512.74,1527.91,1510.43,578315105705.0,0.0
2016-11-03,1531.75,1537.89,1510.68,585582432386.0,0.0
2016-11-02,1512.39,1529.7,1512.28,578183216542.0,0.0
2016-11-01,1529.68,1548.68,1529.31,584793515930.0,0.0
2016-10-31,1535.42,1545.74,1532.42,586984941654.0,0.0
2016-10-28,1547.07,1548.76,1529.61,591441388973.0,0.0
2016-10-27,1541.29,1543.13,1528.01,589231470021.0,0.0
2016-10-26,1536.72,1548.08,1526.62,587483686135.0,0.0
2016-10-25,1542.13,1559.13,1538.95,589552899777.0,0.0
2016-10-24,1552.94,1578.03,1552.67,593685749183.0,0.0
2016-10-21,1565.97,1566.99,1552.91,598664545785.0,0.0
2016-10-20,1565.71,1565.95,1546.49,598567540517.0,0.0
2016-10-19,1545.82,1547.72,1535.13,590962097350.0,0.0
2016-10-18,1542.24,1546.25,1531.34,589595440769.0,0.0
2016-10-17,1524.0,1547.76,1522.75,582619399596.0,0.0
2016-10-14,1550.07,1552.56,1537.41,592587937474.0,0.0
2016-10-13,1522.38,1531.12,1514.1,582002436364.0,0.0
2016-10-12,1534.93,1548.41,1529.92,586800761489.0,0.0
2016-10-11,1527.29,1536.61,1526.32,583879548479.0,0.0
2016-10-10,1533.91,1535.51,1509.16,586410461093.0,0.0
2016-10-07,1508.42,1527.92,1507.87,576666104801.0,0.0
2016-10-06,1533.49,1535.11,1518.96,586249805295.0,0.0
2016-10-05,1531.89,1536.56,1514.58,585636974738.0,0.0
2016-10-04,1525.47,1527.48,1500.36,583180997267.0,0.0
2016-10-03,1503.11,1505.28,1490.97,574635582858.0,0.0
2016-09-30,1504.13,1539.16,1490.29,575022492174.0,0.0
2016-09-29,1530.12,1537.77,1521.33,582195811705.0,0.0
2016-09-28,1525.46,1531.01,1521.87,580425221875.0,0.0
2016-09-27,1520.73,1525.07,1505.04,578625696679.0,0.0
2016-09-26,1508.17,1527.71,1506.75,573846323157.0,0.0
2016-09-23,1528.57,1538.39,1524.25,581606428308.0,0.0
2016-09-22,1537.89,1539.98,1520.27,585152011546.0,0.0
2016-09-21,1514.94,1533.8,1513.31,576422377237.0,0.0
2016-09-20,1514.16,1524.3,1513.72,576125265569.0,0.0
2016-09-19,1524.96,1524.96,1510.34,580234266842.0,0.0
2016-09-16,1506.38,1519.61,1505.04,573164319569.0,0.0
2016-09-15,1516.31,1536.68,1512.09,576943914704.0,0.0
2016-09-14,1555.8,1560.82,1552.23,591967168367.0,0.0
2016-09-13,1560.08,1579.33,1559.54,593594403318.0,0.0
2016-09-12,1568.25,1569.77,1552.62,596706474427.0,344080000.0
2016-09-09,1586.46,1607.63,1583.82,603980518033.0,0.0
2016-09-08,1609.12,1611.81,1596.29,612609828396.0,0.0
2016-09-07,1609.05,1615.0,1606.51,612580849680.0,0.0
2016-09-06,1607.47,1615.59,1604.41,611978599023.0,0.0
2016-09-05,1597.67,1598.87,1591.31,608248966647.0,0.0
2016-09-02,1590.16,1590.16,1575.28,605388962689.0,0.0
2016-09-01,1573.91,1586.69,1573.27,599204389740.0,0.0
2016-08-31,1572.53,1584.82,1572.22,598678147444.0,0.0
2016-08-30,1583.61,1593.49,1583.09,602897303313.0,0.0
2016-08-29,1582.04,1585.34,1570.37,602298084656.0,0.0
2016-08-26,1586.8,1597.0,1578.19,604112271374.0,0.0
2016-08-25,1610.03,1621.04,1610.03,612954332165.0,0.0
2016-08-24,1620.8,1627.46,1614.82,617054965166.0,0.0
2016-08-23,1625.52,1629.11,1612.93,618852304535.0,0.0
2016-08-22,1608.67,1625.5,1605.66,612438931875.0,0.0
2016-08-19,1614.97,1625.54,1604.38,614834604979.0,0.0
2016-08-18,1621.79,1622.13,1610.53,617432444555.0,0.0
2016-08-17,1603.1,1633.07,1599.17,610318067155.0,0.0
2016-08-16,1623.95,1643.69,1623.95,618253631097.0,0.0
2016-08-15,1648.59,1659.88,1639.79,627634908235.0,0.0
2016-08-12,1623.82,1631.16,1622.55,617900651963.0,0.0
2016-08-11,1628.08,1628.26,1589.2,619520289663.0,0.0
2016-08-10,1588.09,1593.5,1575.41,604304083094.0,0.0
2016-08-09,1587.9,1588.41,1551.49,604231947201.0,0.0
2016-08-08,1553.01,1554.83,1547.24,590956410338.0,0.0
2016-08-05,1548.7,1551.4,1527.16,589313361303.0,0.0
2016-08-04,1522.22,1524.27,1512.8,579240002536.0,0.0
2016-08-03,1514.81,1529.28,1513.12,576419578079.0,0.0
2016-08-02,1527.69,1554.56,1527.13,581320405064.0,0.0
2016-08-01,1554.2,1568.0,1548.62,591407393104.0,0.0
2016-07-29,1559.62,1561.91,1550.22,593468661636.0,0.0
2016-07-28,1551.16,1568.15,1551.16,590249735225.0,0.0
2016-07-27,1555.85,1565.98,1553.87,592036109263.0,0.0
2016-07-26,1558.13,1572.73,1544.03,592904134114.0,0.0
2016-07-25,1565.98,1575.79,1562.68,595890687039.0,0.0
2016-07-22,1559.51,1571.73,1555.71,593429565941.0,0.0
2016-07-21,1571.93,1581.63,1566.77,598152695149.0,0.0
2016-07-20,1579.85,1579.85,1561.4,601167873717.0,0.0
2016-07-19,1558.8,1560.68,1549.93,593156408095.0,0.0
2016-07-18,1558.78,1570.4,1551.4,593149595295.0,0.0
2016-07-15,1562.35,1568.63,1555.38,594510306749.0,0.0
2016-07-14,1558.36,1577.12,1558.36,592989367730.0,0.0
2016-07-13,1568.94,1574.42,1554.61,597015607857.0,0.0
2016-07-12,1559.03,1564.11,1552.54,593247155999.0,0.0
2016-07-11,1560.93,1563.77,1534.71,593967606258.0,0.0
2016-07-08,1529.93,1531.65,1503.13,582171767488.0,0.0
2016-07-07,1505.07,1517.93,1495.93,572713161504.0,0.0
2016-07-06,1486.42,1511.76,1479.25,565617073067.0,0.0
2016-07-05,1509.52,1517.15,1500.83,574405034846.0,0.0
2016-07-04,1517.99,1542.22,1516.3,577628979854.0,0.0
2016-07-01,1528.83,1528.91,1509.39,581754230325.0,0.0
2016-06-30,1506.06,1507.1,1484.72,573089463513.0,0.0
2016-06-29,1495.36,1495.36,1470.01,569017868087.0,0.0
2016-06-28,1466.26,1474.76,1460.95,557945104786.0,0.0
2016-06-27,1449.19,1475.86,1442.11,551450654327.0,0.0
2016-06-23,1556.52,1562.83,1537.72,592290770554.0,0.0
2016-06-22,1540.68,1552.78,1515.27,586261696830.0,0.0
2016-06-21,1530.79,0.0,0.0,582499860879.0,0.0
2016-06-20,1536.05,1536.38,1515.52,584013696539.0,0.0
2016-06-17,1492.21,1492.21,1472.59,567346454987.0,0.0
2016-06-16,1465.48,1486.87,1463.55,557182521672.0,0.0
2016-06-15,1507.55,1512.69,1495.83,568141942795.0,0.0
2016-06-14,1487.14,1492.18,1469.35,560451221004.0,0.0
2016-06-13,1498.19,1519.52,1495.09,564614130500.0,0.0
2016-06-10,1522.81,1554.34,1521.41,573894138750.0,0.0
2016-06-09,1558.8,1577.55,1558.8,587456564689.0,0.0
2016-06-08,1579.13,1585.21,1575.36,595118884288.0,0.0
2016-06-07,1586.81,1586.81,1575.43,598011687151.0,0.0
2016-06-03,1569.23,1587.31,1556.59,591386511762.0,0.0
2016-06-02,1569.72,1569.72,1553.03,591571388272.0,0.0
2016-06-01,1564.4,1581.13,1562.56,589565818563.0,0.0
2016-05-31,1586.7,1599.47,1583.41,597972257295.0,0.0
2016-05-30,1597.73,1597.73,1580.11,602126812258.0,0.0
2016-05-27,1585.05,1586.2,1571.87,597349141445.0,0.0
2016-05-26,1576.78,1580.98,1566.87,594231822442.0,550922342.0
2016-05-25,1568.29,1581.09,1566.4,591581211350.0,767994426.0
2016-05-24,1572.38,1574.12,1545.62,593892700148.0,0.0
2016-05-23,1557.81,1570.52,1553.29,588255022603.0,0.0
2016-05-20,1568.3,1570.9,1559.53,592218870268.0,0.0
2016-05-19,1553.99,1578.55,1548.33,586815010024.0,0.0
2016-05-18,1590.53,1590.53,1573.97,600611480848.0,644182047.0
2016-05-17,1579.2,1609.11,1575.37,596973690794.0,0.0
2016-05-16,1596.31,1596.52,1572.49,603439522786.0,0.0
2016-05-13,1593.42,1593.42,1569.98,602348418704.0,0.0
2016-05-12,1579.35,1599.84,1576.47,597028949622.0,0.0
2016-05-11,1592.0,1620.24,1588.67,601812057887.0,129977276.0
2016-05-10,1611.4,1629.38,1607.83,609277261336.0,0.0
2016-05-09,1623.27,1630.58,1605.19,613765537829.0,0.0
2016-05-06,1596.41,1607.21,1595.89,603598683206.0,0.0
2016-05-04,1610.47,1627.05,1609.66,608915786293.0,14516846480.0
2016-05-03,1614.2,1633.46,1605.51,624876945320.0,0.0
2016-05-02,1633.46,1644.53,1625.51,632331125631.0,0.0
2016-04-29,1625.51,1644.99,1615.7,629252500308.0,22104760.0
2016-04-28,1650.36,1654.15,1624.87,638894471311.0,0.0
2016-04-27,1666.6,1675.53,1659.36,645052116884.0,0.0
2016-04-26,1667.79,1681.53,1663.31,645509905267.0,0.0
2016-04-25,1671.69,1682.84,1662.34,647021499470.0,0.0
2016-04-22,1680.36,1694.99,1674.79,650377802869.0,111744892.0
2016-04-21,1698.55,1714.47,1689.48,657528974541.0,2011467950.0
2016-04-20,1709.99,1710.31,1692.42,663982022515.0,0.0
2016-04-19,1709.9,1716.29,1686.87,663948907883.0,0.0
2016-04-18,1677.51,1684.68,1653.61,651372502489.0,0.0
2016-04-15,1666.03,1678.81,1663.05,646914512525.0,0.0
2016-04-14,1658.52,1681.85,1654.53,643999680193.0,0.0
2016-04-13,1675.62,1685.7,1667.32,650638857008.0,0.0
2016-04-12,1646.04,1646.93,1634.2,639150786862.0,0.0
2016-04-11,1650.11,1655.28,1639.28,640733221222.0,380255505.0
2016-04-08,1646.85,1647.81,1613.93,639846933713.0,0.0
2016-04-07,1609.78,1618.63,1597.47,625699000327.0,0.0
2016-04-06,1611.2,1611.2,1560.94,626250105394.0,0.0
2016-04-05,1550.66,1568.58,1544.77,602717640096.0,0.0
2016-04-04,1573.3,1573.94,1555.04,611518981016.0,0.0
2016-04-01,1566.07,1566.07,1546.19,608709331282.0,0.0
2016-03-31,1570.76,1582.34,1568.92,610530548691.0,0.0
2016-03-30,1580.02,1587.01,1554.77,614128415580.0,0.0
2016-03-29,1548.09,1555.72,1541.78,601718776341.0,0.0
2016-03-24,1545.59,1554.73,1545.59,600749273975.0,0.0
2016-03-23,1561.77,1574.27,1558.18,607037847112.0,0.0
2016-03-22,1560.32,1560.32,1530.24,606473003015.0,0.0
2016-03-21,1557.1,1569.24,1552.55,605221786684.0,0.0
2016-03-18,1573.1,1575.61,1556.84,611440087528.0,0.0
2016-03-17,1588.74,1607.38,1570.98,617517955427.0,1077523560.0
2016-03-16,1594.16,1615.6,1591.99,621547613911.0,0.0
2016-03-15,1609.92,1628.66,1606.13,627693446861.0,0.0
2016-03-14,1643.96,1647.26,1630.55,640964460169.0,0.0
2016-03-11,1626.53,1628.87,1615.29,634167515125.0,0.0
2016-03-10,1601.51,1642.97,1600.89,624414410663.0,0.0
2016-03-09,1628.31,1631.78,1611.73,634861359909.0,0.0
2016-03-08,1619.14,1624.67,1609.79,631287394708.0,0.0
2016-03-07,1630.57,1630.57,1617.73,635743827797.0,0.0
2016-03-04,1629.16,1641.09,1601.2,635192287796.0,0.0
2016-03-03,1600.58,1605.3,1594.15,624048556921.0,0.0
2016-03-02,1599.45,1617.44,1587.69,623608524669.0,0.0
2016-03-01,1608.41,1610.59,1576.55,627102399167.0,0.0
2016-02-29,1583.47,1587.04,1558.47,617378676194.0,0.0
2016-02-26,1584.09,1599.29,1582.61,617621666892.0,0.0
2016-02-25,1572.01,1572.01,1545.12,612911954727.0,0.0
2016-02-24,1546.71,1584.37,1542.79,603046051124.0,0.0
2016-02-23,1582.11,1606.3,1582.11,616848919969.0,0.0
2016-02-22,1608.69,1621.49,1605.24,627210758200.0,0.0
2016-02-19,1598.69,1603.54,1585.58,623313599120.0,0.0
2016-02-18,1601.76,1616.27,1594.61,624510630443.0,0.0
2016-02-17,1607.6,1607.6,1564.39,626785253030.0,0.0
2016-02-16,1557.92,1583.16,1551.6,607416987219.0,0.0
2016-02-15,1569.88,1569.88,1543.77,612081219466.0,0.0
2016-02-12,1523.66,1523.66,1508.74,594060066388.0,0.0
2016-02-11,1501.21,1532.1,1498.56,585306482146.0,0.0
2016-02-10,1537.23,1544.76,1527.35,599350782149.0,0.0
2016-02-09,1516.94,1524.7,1490.4,591439396884.0,0.0
2016-02-08,1507.23,1572.43,1505.4,587655549822.0,0.0
2016-02-05,1566.4,1578.85,1562.52,610725227225.0,0.0
2016-02-04,1565.44,1584.65,1538.3,610348085385.0,0.0
2016-02-03,1565.85,1602.8,1560.02,610510442579.0,0.0
2016-02-02,1584.56,1605.32,1579.58,617802501487.0,0.0
2016-02-01,1602.25,1614.78,1597.22,624700920671.0,0.0
2016-01-29,1607.77,1619.21,1587.77,626853090818.0,61523887.0
2016-01-28,1608.35,1642.28,1594.88,627139348790.0,0.0
2016-01-27,1662.91,1662.91,1637.28,648387296958.0,0.0
2016-01-26,1652.89,1653.76,1621.36,644479823533.0,0.0
2016-01-25,1648.23,1663.83,1640.49,642664830535.0,0.0
2016-01-22,1656.06,1656.06,1622.83,622115075370.0,0.0
2016-01-21,1604.06,1613.19,1573.68,602581378825.0,0.0
2016-01-20,1579.94,1598.51,1576.55,593519696958.0,129494296.0
2016-01-19,1622.68,1626.42,1591.64,609665492790.0,0.0
2016-01-18,1565.8,1582.2,1557.22,588294439072.0,0.0
2016-01-15,1574.03,1621.6,1565.39,591386725404.0,0.0
2016-01-14,1580.87,1601.78,1573.18,593955964464.0,0.0
2016-01-13,1614.22,1633.57,1612.54,606487561690.0,0.0
2016-01-12,1610.59,1632.11,1606.79,605120503124.0,0.0
2016-01-11,1603.67,1621.14,1592.79,602522458650.0,0.0
2016-01-08,1616.64,1638.2,1614.92,607395058401.0,0.0
2016-01-07,1615.96,1628.15,1581.63,607138271970.0,0.0
2016-01-05,1642.72,1666.88,1636.53,617192605072.0,0.0
2016-01-04,1652.13,1703.11,1651.77,620730811790.0,0.0
